text,created_at,username,cleaned_text,compound_sentiment,positive_sentiment,negative_sentiment,neutral_sentiment,sentiment_category
"Must be a tough few years for @jespow, all for nothing. Good to see everything is cleared. üëè https://t.co/xQ9ooO7H8m",2025-07-23 10:47:38+00:00,cz_binance,Must be a tough few years for  all for nothing Good to see everything is cleared,-0.3624,0.076,0.213,0.71,Negative
"What's your favorite channel?
Discovery 
IYKYKüòÜ",2025-07-23 08:45:02+00:00,cz_binance,"Whats your favorite channel
Discovery 
IYKYK",0.4588,0.375,0.0,0.625,Positive
"CoinMarketCap has an Alt Season Index feature. Not sure how accurate it is, but it is ticking up.

FOMO season soon...

https://t.co/pWyzuhuexv",2025-07-23 04:21:14+00:00,cz_binance,"CoinMarketCap has an Alt Season Index feature Not sure how accurate it is but it is ticking up

FOMO season soon",-0.1232,0.0,0.069,0.931,Negative
"Build and Build. $BNB

Appreciations to all the ecosystem players, BTC maxis, ETH holders, meme traders, ETF applicants,  treasury pub cos, good regulators, and utility builders. üôè https://t.co/5YreSKU7xQ",2025-07-23 02:39:39+00:00,cz_binance,"Build and Build BNB

Appreciations to all the ecosystem players BTC maxis ETH holders meme traders ETF applicants  treasury pub cos good regulators and utility builders",0.7506,0.243,0.0,0.757,Positive
What's more is that legitimate site often can't advertise on Google. üòÇ https://t.co/dJsOAY8Nki,2025-07-22 13:30:24+00:00,cz_binance,Whats more is that legitimate site often cant advertise on Google,0.0,0.0,0.0,1.0,Neutral
&gt;Binance Founder: Giggle Academy is 'focused in poor areas no one wants to go build schools today' https://t.co/PWCZ6cLIJ6,2025-07-22 02:44:14+00:00,cz_binance,gtBinance Founder Giggle Academy is focused in poor areas no one wants to go build schools today,0.0258,0.228,0.224,0.549,Neutral
"People are talking about Giggle Academy unprompted. I don't know the author, and he doesn't seem to be a crypto guy.

Free education getting viral.

https://t.co/vuSR7bIGvL",2025-07-21 16:27:22+00:00,cz_binance,"People are talking about Giggle Academy unprompted I dont know the author and he doesnt seem to be a crypto guy

Free education getting viral",0.7269,0.21,0.0,0.79,Positive
"Tom Wright got Jho Low's info by issuing a meme coin as incentive for informants. 

Should we do the same to uncover who is behind (sponsoring) all the recent FUD from Bloomberg, WSJ, and NYT? https://t.co/7m7nN7VPKs",2025-07-21 13:14:23+00:00,cz_binance,"Tom Wright got Jho Lows info by issuing a meme coin as incentive for informants 

Should we do the same to uncover who is behind sponsoring all the recent FUD from Bloomberg WSJ and NYT",-0.0857,0.108,0.116,0.776,Negative
"You can have a great idea, but ideas aren't worth much.
Execution is king, but it's a lot of work.
Or, you can:

Just hold.",2025-07-21 06:56:23+00:00,cz_binance,"You can have a great idea but ideas arent worth much
Execution is king but its a lot of work
Or you can

Just hold",0.1408,0.093,0.073,0.835,Positive
